{"name":"FallbackIntent","identifier":"FALLBCKINT","description":null,"parentIntentSignature":"AMAZON.FallbackIntent","sampleUtterances":null,"intentConfirmationSetting":null,"intentClosingSetting":null,"initialResponseSetting":{"nextStep":{"sessionAttributes":null,"intent":null,"dialogAction":{"type":"InvokeDialogCodeHook","slotToElicit":null,"suppressNextMessage":null}},"conditional":null,"codeHook":{"isActive":true,"invocationLabel":null,"enableCodeHookInvocation":true,"postCodeHookSpecification":{"failureResponse":null,"failureNextStep":{"sessionAttributes":null,"intent":null,"dialogAction":{"type":"EndConversation","slotToElicit":null,"suppressNextMessage":null}},"failureConditional":null,"successConditional":null,"timeoutResponse":null,"timeoutNextStep":{"sessionAttributes":null,"intent":null,"dialogAction":{"type":"EndConversation","slotToElicit":null,"suppressNextMessage":null}},"timeoutConditional":null,"successResponse":null,"successNextStep":{"sessionAttributes":null,"intent":null,"dialogAction":{"type":"EndConversation","slotToElicit":null,"suppressNextMessage":null}}}},"initialResponse":{"messageGroupsList":[{"message":{"ssmlMessage":null,"customPayload":null,"plainTextMessage":{"value":"Não foi possível dar continuidade ao processo. Tente novamente ou entre em contato com o desenvolvedor."},"imageResponseCard":null},"variations":null}],"allowInterrupt":true}},"inputContexts":null,"outputContexts":null,"kendraConfiguration":null,"dialogCodeHook":null,"fulfillmentCodeHook":null,"slotPriorities":[]}