{"name":"collect-informations","identifier":"WOG9UAZHBL","description":"coletar informações do usuario, essas informações serão utilizadas para a classificação e para a alimentação do banco de dados.","parentIntentSignature":null,"sampleUtterances":[{"utterance":"Quero fornecer minhas informações"},{"utterance":"informar"},{"utterance":"declarar informações"},{"utterance":"informações"},{"utterance":"informações pessoais"}],"intentConfirmationSetting":null,"intentClosingSetting":null,"initialResponseSetting":{"nextStep":{"sessionAttributes":{},"intent":{"name":null,"slots":{}},"dialogAction":{"type":"ElicitSlot","slotToElicit":"sexo","suppressNextMessage":null}},"conditional":null,"codeHook":null,"initialResponse":{"messageGroupsList":[{"message":{"ssmlMessage":null,"customPayload":null,"plainTextMessage":{"value":"Vamos iniciar a coleta das informações pessoais"},"imageResponseCard":null},"variations":null}],"allowInterrupt":true}},"inputContexts":null,"outputContexts":null,"kendraConfiguration":null,"dialogCodeHook":null,"fulfillmentCodeHook":{"isActive":true,"postFulfillmentStatusSpecification":{"failureResponse":null,"failureNextStep":{"sessionAttributes":{},"intent":{"name":"FallbackIntent","slots":{}},"dialogAction":{"type":"StartIntent","slotToElicit":null,"suppressNextMessage":null}},"timeoutResponse":null,"timeoutNextStep":{"sessionAttributes":{},"intent":{"name":"FallbackIntent","slots":{}},"dialogAction":{"type":"StartIntent","slotToElicit":null,"suppressNextMessage":null}},"successResponse":null,"successNextStep":{"sessionAttributes":{},"intent":{"name":null,"slots":{}},"dialogAction":{"type":"EndConversation","slotToElicit":null,"suppressNextMessage":null}}},"fulfillmentUpdatesSpecification":null,"enabled":true},"slotPriorities":[{"priority":4,"slotName":"tosse"},{"priority":2,"slotName":"idade"},{"priority":9,"slotName":"dificuldadeRespiratoria"},{"priority":1,"slotName":"sexo"},{"priority":13,"slotName":"comorbidadeTabagismo"},{"priority":3,"slotName":"febre"},{"priority":11,"slotName":"comorbidadeRenal"},{"priority":12,"slotName":"comorbidadeDiabetes"},{"priority":15,"slotName":"comorbidadeCardio"},{"priority":5,"slotName":"coriza"},{"priority":14,"slotName":"comorbidadeObesidade"},{"priority":10,"slotName":"comorbidadePulmao"},{"priority":6,"slotName":"dorGarganta"},{"priority":7,"slotName":"dorCabeca"},{"priority":8,"slotName":"diarreia"}]}