{"name":"initial-intent","identifier":"H2PBVSTGDG","description":"Exibe as opções do bot","parentIntentSignature":null,"sampleUtterances":[{"utterance":"olá"},{"utterance":"oi"},{"utterance":"tudo bem?"},{"utterance":"bem "},{"utterance":"eae"},{"utterance":"boa"},{"utterance":"bom dia"},{"utterance":"boa tarde"},{"utterance":"usar"},{"utterance":"como usar?"},{"utterance":"iniciar"}],"intentConfirmationSetting":null,"intentClosingSetting":null,"initialResponseSetting":{"nextStep":{"sessionAttributes":null,"intent":{"name":null,"slots":null},"dialogAction":{"type":"InvokeDialogCodeHook","slotToElicit":null,"suppressNextMessage":null}},"conditional":null,"codeHook":{"isActive":true,"invocationLabel":null,"enableCodeHookInvocation":true,"postCodeHookSpecification":{"failureResponse":null,"failureNextStep":{"sessionAttributes":null,"intent":{"name":null,"slots":null},"dialogAction":{"type":"EndConversation","slotToElicit":null,"suppressNextMessage":null}},"failureConditional":null,"successConditional":null,"timeoutResponse":null,"timeoutNextStep":{"sessionAttributes":null,"intent":{"name":null,"slots":null},"dialogAction":{"type":"EndConversation","slotToElicit":null,"suppressNextMessage":null}},"timeoutConditional":null,"successResponse":null,"successNextStep":{"sessionAttributes":null,"intent":{"name":null,"slots":null},"dialogAction":{"type":"EndConversation","slotToElicit":null,"suppressNextMessage":null}}}},"initialResponse":{"messageGroupsList":[{"message":{"ssmlMessage":null,"customPayload":null,"plainTextMessage":{"value":"Olá! Sou um assistente virtual criado para ajudar a classificar se você pode estar com COVID-19 com base em informações que você fornece. Lembre-se de que não sou um substituto para a avaliação de um profissional de saúde, e qualquer suspeita de COVID-19 deve ser confirmada por um médico ou por meio de testes apropriados."},"imageResponseCard":null},"variations":null},{"message":{"ssmlMessage":null,"customPayload":null,"plainTextMessage":null,"imageResponseCard":{"title":"Instruções de uso","buttonsList":[{"value":"Quero saber a descrição referente ao assistente","text":"Exibir descrição do assistente virtual"},{"value":"Quero fornecer minhas informações","text":"Fornecer minhas informações "},{"value":"Quero terminar a conversa","text":"Terminar conversa"}],"subtitle":null,"imageUrl":null}},"variations":null}],"allowInterrupt":true}},"inputContexts":null,"outputContexts":null,"kendraConfiguration":null,"dialogCodeHook":null,"fulfillmentCodeHook":null,"slotPriorities":[]}