{"name":"bot-details","identifier":"O9XDZPKEQM","description":"Fornecer detalhes sobre a aplicação.","parentIntentSignature":null,"sampleUtterances":[{"utterance":"Quero saber a descrição referente ao assistente"},{"utterance":"Quero saber descrição"},{"utterance":"Quero saber como funciona"},{"utterance":"descrição"},{"utterance":"o que faz?"},{"utterance":"como funciona?"}],"intentConfirmationSetting":null,"intentClosingSetting":null,"initialResponseSetting":{"nextStep":{"sessionAttributes":null,"intent":{"name":null,"slots":null},"dialogAction":{"type":"InvokeDialogCodeHook","slotToElicit":null,"suppressNextMessage":null}},"conditional":null,"codeHook":{"isActive":true,"invocationLabel":null,"enableCodeHookInvocation":true,"postCodeHookSpecification":{"failureResponse":null,"failureNextStep":{"sessionAttributes":null,"intent":{"name":null,"slots":null},"dialogAction":{"type":"EndConversation","slotToElicit":null,"suppressNextMessage":null}},"failureConditional":null,"successConditional":null,"timeoutResponse":null,"timeoutNextStep":{"sessionAttributes":null,"intent":{"name":null,"slots":null},"dialogAction":{"type":"EndConversation","slotToElicit":null,"suppressNextMessage":null}},"timeoutConditional":null,"successResponse":null,"successNextStep":{"sessionAttributes":null,"intent":{"name":null,"slots":null},"dialogAction":{"type":"EndConversation","slotToElicit":null,"suppressNextMessage":null}}}},"initialResponse":{"messageGroupsList":[{"message":{"ssmlMessage":null,"customPayload":null,"plainTextMessage":{"value":"Este chatbot realiza uma triagem de COVID-19, utilizando inteligência artificial e dados de casos confirmados e não confirmados. O assistente coletará informações dos usuários, como sintomas e comorbidades. Ele visa ajudar qualquer pessoa preocupada com uma possível infecção. Além disso, as informações serão armazenadas no banco de dados para uma futura análise e tomada de decisão de políticas públicas."},"imageResponseCard":null},"variations":null},{"message":{"ssmlMessage":null,"customPayload":null,"plainTextMessage":null,"imageResponseCard":{"title":"Outras opções","buttonsList":[{"value":"Quero fornecer minhas informações","text":"Informações pessoais"},{"value":"Terminar conversa","text":"Terminar conversa"}],"subtitle":null,"imageUrl":null}},"variations":null}],"allowInterrupt":true}},"inputContexts":null,"outputContexts":null,"kendraConfiguration":null,"dialogCodeHook":null,"fulfillmentCodeHook":null,"slotPriorities":[]}